,type,region_name,total_area,bathrooms,bedrooms,iptu,parking_slots,price
0,Apartamento,Brooklin,48,1,1,190,1,990000
1,Apartamento,Brooklin,396,2,4,1500,3,3600000
2,Apartamento,Brooklin,77,1,2,180,1,767000
3,Apartamento,Brooklin,204,4,4,1750,4,3650000
4,Casa,Brooklin,300,2,3,1334,4,2125000
5,Casa,Brooklin,200,3,3,700,3,3175000
6,Apartamento,Brooklin,172,3,3,1250,3,1550000
7,Casa,Brooklin,192,1,3,0,1,1500000
8,Apartamento,Brooklin,258,4,4,192,4,3825000
9,Apartamento,Brooklin,234,4,4,833,3,6300000
10,Casa,Brooklin,401,5,12,1659,5,2120000
11,Casa,Brooklin,220,4,4,414,0,1800000
12,Apartamento,Brooklin,40,1,1,157,1,550000
13,Apartamento,Brooklin,167,5,3,1100,3,2600000
14,Apartamento,Brooklin,46,2,1,167,1,720000
15,Apartamento,Brooklin,58,1,1,167,2,1070000
16,Apartamento,Brooklin,85,1,3,170,1,850000
17,Casa,Brooklin,110,3,2,164,1,1350000
18,Apartamento,Brooklin,77,3,2,334,2,1015000
19,Apartamento,Brooklin,165,4,4,0,3,3800000
20,Apartamento,Brooklin,65,2,2,250,2,1485000
21,Apartamento,Brooklin,81,2,3,0,1,1600000
22,Apartamento,Brooklin,66,2,2,350,1,1475000
23,Apartamento,Brooklin,205,4,3,1500,4,3300000
24,Apartamento,Brooklin,84,2,2,311,1,820000
25,Apartamento,Brooklin,56,1,1,250,1,860000
26,Apartamento,Brooklin,80,2,2,409,2,1725000
27,Apartamento,Brooklin,27,1,1,2,0,330000
28,Apartamento,Brooklin,126,3,2,940,2,1400000
29,Apartamento,Brooklin,185,3,3,834,2,3299000
30,Apartamento,Brooklin,60,1,1,240,1,590000
31,Casa,Brooklin,411,4,4,2070,2,3600000
32,Apartamento,Brooklin,24,1,1,45,0,450000
33,Apartamento,Brooklin,33,1,1,110,1,664000
34,Apartamento,Brooklin,410,5,4,0,5,8070000
35,Apartamento,Brooklin,55,1,1,275,1,849000
36,Apartamento,Brooklin,54,1,1,560,1,445000
37,Apartamento,Brooklin,113,3,4,375,2,1500000
38,Apartamento,Brooklin,42,1,1,42,1,870000
39,Apartamento,Brooklin,60,1,2,180,1,850000
40,Apartamento,Brooklin,123,2,2,397,2,1950000
41,Casa,Brooklin,90,1,2,160,1,850000
42,Apartamento,Brooklin,239,5,3,1775,4,4090000
43,Apartamento,Brooklin,105,4,2,800,2,1649000
44,Apartamento,Brooklin,98,3,3,202,1,940000
45,Apartamento,Brooklin,72,2,3,100,1,704000
46,Apartamento,Brooklin,209,4,3,1900,4,3000000
47,Apartamento,Brooklin,205,3,4,1081,4,1965000
48,Apartamento,Brooklin,30,1,1,88,0,500000
49,Apartamento,Brooklin,42,2,1,0,1,495000
50,Apartamento,Brooklin,141,4,3,800,2,3000000
51,Apartamento,Brooklin,85,3,2,642,2,2190000
52,Apartamento,Brooklin,128,3,3,560,2,2150000
53,Apartamento,Brooklin,65,2,2,167,1,1400000
54,Apartamento,Brooklin,41,1,1,109,1,740000
55,Apartamento,Brooklin,21,1,1,84,0,500000
56,Apartamento,Brooklin,38,1,1,0,0,535000
57,Apartamento,Brooklin,26,1,1,250,0,1800000
58,Apartamento,Brooklin,167,4,3,1084,3,5025000
59,Apartamento,Brooklin,42,1,1,0,1,470000
60,Apartamento,Brooklin,236,4,4,1417,3,3520000
61,Apartamento,Brooklin,105,2,2,400,2,2915000
62,Apartamento,Brooklin,60,1,1,222,0,515000
63,Apartamento,Brooklin,141,4,3,359,2,2920000
64,Apartamento,Brooklin,41,1,1,100,1,790000
65,Apartamento,Brooklin,66,2,1,415,1,1280000
66,Apartamento,Brooklin,166,5,3,1152,2,4280000
67,Apartamento,Brooklin,50,1,2,49,1,640000
68,Apartamento,Brooklin,90,1,2,112,0,847000
69,Apartamento,Brooklin,98,2,3,0,1,860000
70,Apartamento,Brooklin,117,3,3,279,1,1100000
71,Apartamento,Brooklin,30,1,1,185,1,583000
72,Casa,Brooklin,157,2,4,310,2,2000000
73,Apartamento,Brooklin,258,5,4,2031,4,4280000
74,Apartamento,Brooklin,110,1,1,460,2,1410000
75,Casa,Brooklin,162,2,3,0,3,1590000
76,Casa,Brooklin,160,1,3,484,2,900000
77,Apartamento,Brooklin,46,2,1,96,1,860000
78,Apartamento,Brooklin,200,3,3,1319,3,1990000
79,Apartamento,Brooklin,29,1,1,33,1,510000
80,Apartamento,Brooklin,81,2,3,184,1,575000
81,Apartamento,Brooklin,460,7,4,2917,5,4100000
82,Casa,Brooklin,265,1,3,1074,4,2500000
83,Apartamento,Brooklin,341,6,4,1798,6,4900000
84,Casa,Brooklin,250,3,3,513,3,1875000
85,Casa,Brooklin,230,3,5,500,3,990000
86,Apartamento,Brooklin,143,5,3,900,2,3090000
87,Apartamento,Brooklin,126,3,4,0,2,2150000
88,Apartamento,Brooklin,190,3,3,1584,4,4500000
89,Apartamento,Brooklin,71,2,2,84,1,1300000
90,Casa,Brooklin,190,3,3,323,2,1485000
91,Apartamento,Brooklin,54,1,1,98,1,850000
92,Apartamento,Brooklin,81,3,2,300,1,1920000
93,Casa,Brooklin,160,3,2,352,2,1400000
94,Apartamento,Brooklin,147,5,3,750,2,2700000
95,Apartamento,Brooklin,24,1,1,63,0,500000
96,Apartamento,Brooklin,131,5,3,589,0,3000000
97,Apartamento,Brooklin,219,2,4,860,2,2600000
98,Apartamento,Brooklin,75,2,2,450,1,1070000
99,Apartamento,Brooklin,220,5,4,1855,3,2850000
100,Casa,Brooklin,200,3,4,417,2,1925000
101,Casa,Brooklin,166,4,3,0,2,2500000
102,Apartamento,Brooklin,72,2,1,466,2,1300000
103,Apartamento,Brooklin,75,3,2,75,1,800000
104,Casa,Brooklin,253,2,4,525,3,1590000
105,Apartamento,Brooklin,25,1,1,0,1,530000
106,Apartamento,Brooklin,25,1,1,83,0,489500
107,Apartamento,Brooklin,60,1,2,280,1,1200000
108,Apartamento,Brooklin,50,2,1,330,1,950000
109,Casa,Brooklin,156,2,3,142,0,730000
110,Apartamento,Brooklin,170,3,4,1134,3,2500000
111,Apartamento,Brooklin,200,2,3,837,2,1480000
112,Apartamento,Brooklin,143,5,3,400,2,3299000
113,Apartamento,Brooklin,48,1,1,250,1,990000
114,Apartamento,Brooklin,103,4,3,355,2,1990000
115,Apartamento,Brooklin,45,1,1,110,1,750000
116,Apartamento,Brooklin,96,3,2,463,2,1179000
117,Apartamento,Brooklin,137,4,3,96,3,1750000
118,Apartamento,Brooklin,58,2,2,244,1,1325000
119,Apartamento,Brooklin,60,2,1,170,2,980000
120,Apartamento,Brooklin,206,5,4,1200,3,2500000
121,Apartamento,Brooklin,86,3,2,418,2,910000
122,Apartamento,Brooklin,28,1,1,1,0,480000
123,Apartamento,Brooklin,150,4,3,656,2,1510000
124,Apartamento,Brooklin,45,1,1,13,1,650000
125,Apartamento,Brooklin,42,1,1,44,1,610000
126,Apartamento,Brooklin,166,4,3,0,3,3350000
127,Apartamento,Brooklin,50,1,1,111,1,745000
128,Apartamento,Brooklin,210,4,3,1250,4,3075000
129,Casa,Brooklin,230,4,3,363,2,1800000
130,Casa,Brooklin,550,7,4,1680,8,2490000
131,Apartamento,Brooklin,70,1,2,102,1,750000
132,Apartamento,Brooklin,60,1,2,0,0,500000
133,Apartamento,Brooklin,42,2,1,0,1,551000
134,Apartamento,Brooklin,331,7,4,2896,4,2790000
135,Casa,Brooklin,330,2,2,1438,6,5321000
136,Apartamento,Brooklin,150,3,3,578,1,1150000
137,Casa,Brooklin,180,4,3,367,1,1050000
138,Apartamento,Brooklin,50,1,1,300,1,750000
139,Apartamento,Brooklin,345,5,4,2100,4,3500000
140,Apartamento,Brooklin,23,1,1,0,0,585000
141,Casa,Brooklin,140,3,3,0,1,1700000
142,Apartamento,Brooklin,69,2,2,10,1,1119000
143,Apartamento,Brooklin,81,2,2,1084,1,2096000
144,Casa,Brooklin,300,3,3,1324,4,2000000
145,Apartamento,Brooklin,70,2,2,70,1,805000
146,Casa,Brooklin,100,3,2,392,2,1455000
147,Apartamento,Brooklin,22,1,1,125,0,690000
148,Apartamento,Brooklin,26,1,1,0,0,380000
149,Casa,Brooklin,144,3,3,500,1,1998000
150,Apartamento,Brooklin,37,1,1,19,1,660000
151,Apartamento,Brooklin,341,6,4,2000,4,5300000
152,Apartamento,Brooklin,185,4,4,829,3,1400000
153,Apartamento,Brooklin,99,2,2,384,2,1100000
154,Apartamento,Brooklin,27,1,1,100,0,444000
155,Casa,Brooklin,150,3,3,562,2,1799000
156,Apartamento,Brooklin,26,1,1,120,0,389000
157,Casa,Brooklin,180,2,3,124,2,1390000
158,Casa,Brooklin,260,4,3,600,2,1380000
159,Casa,Brooklin,185,5,4,702,3,1799500
160,Apartamento,Brooklin,169,5,4,1334,2,1650000
161,Casa,Brooklin,170,3,4,529,2,970000
162,Apartamento,Brooklin,143,5,3,400,2,3298000
163,Casa,Brooklin,210,5,3,349,5,1498000
164,Casa,Brooklin,120,2,3,420,2,1050000
165,Apartamento,Brooklin,234,5,3,1300,4,3600000
166,Apartamento,Brooklin,53,2,1,100,1,629500
167,Apartamento,Brooklin,86,2,2,98,1,675800
168,Apartamento,Brooklin,35,1,1,249,1,640000
169,Apartamento,Brooklin,131,3,3,544,3,2680000
170,Apartamento,Brooklin,50,1,1,217,1,790000
171,Apartamento,Brooklin,69,2,2,0,1,1380000
172,Casa,Brooklin,170,2,3,292,2,1625000
173,Apartamento,Brooklin,48,1,1,321,1,470000
174,Apartamento,Brooklin,63,2,2,182,1,1110000
175,Apartamento,Brooklin,83,2,2,339,2,2100000
176,Apartamento,Brooklin,36,1,1,20,1,570000
177,Apartamento,Brooklin,124,2,3,767,2,2200000
178,Apartamento,Brooklin,50,1,1,163,1,990000
179,Apartamento,Brooklin,141,3,3,667,2,3000000
180,Apartamento,Brooklin,77,2,2,205,1,780000
181,Apartamento,Brooklin,38,1,1,134,1,800000
182,Apartamento,Brooklin,69,3,2,167,1,968000
183,Casa,Brooklin,540,6,5,1500,6,2270000
184,Apartamento,Brooklin,74,2,2,417,2,1250000
185,Apartamento,Brooklin,61,2,2,151,1,1080000
186,Casa,Brooklin,500,1,1,0,1,3000000
187,Apartamento,Brooklin,24,1,0,0,0,430000
188,Casa,Brooklin,225,3,3,642,2,1650000
189,Apartamento,Brooklin,52,2,2,167,1,850000
190,Casa,Brooklin,215,3,3,834,4,1515000
191,Apartamento,Brooklin,70,1,2,158,1,880000
192,Apartamento,Brooklin,64,2,2,1310,1,1260000
193,Apartamento,Brooklin,65,2,2,534,1,799000
194,Apartamento,Brooklin,42,1,1,35,1,795000
195,Apartamento,Brooklin,75,2,2,375,1,1300000
196,Apartamento,Brooklin,195,4,4,4925,2,2150000
197,Apartamento,Brooklin,70,1,1,168,1,540000
198,Apartamento,Brooklin,24,1,1,85,0,549999
199,Apartamento,Brooklin,109,2,1,417,1,1970000
200,Apartamento,Brooklin,235,5,4,3000,5,7620000
201,Apartamento,Brooklin,25,1,1,54,0,480000
202,Apartamento,Brooklin,70,2,2,414,2,1400000
203,Apartamento,Brooklin,84,2,3,308,1,840000
204,Casa,Brooklin,158,3,2,417,2,950000
205,Apartamento,Brooklin,64,2,2,234,1,965000
206,Apartamento,Brooklin,137,5,3,915,2,2750000
207,Apartamento,Brooklin,350,5,4,3000,4,2690000
208,Apartamento,Brooklin,50,1,1,223,1,1100000
209,Casa,Brooklin,115,2,3,192,2,1380000
210,Casa,Brooklin,300,4,4,800,3,1490000
211,Apartamento,Brooklin,60,2,2,56,1,650000
212,Apartamento,Brooklin,27,1,1,0,1,590000
213,Apartamento,Brooklin,190,4,3,1395,3,2750000
214,Apartamento,Brooklin,50,1,1,50,1,890000
215,Casa,Brooklin,476,6,4,2100,5,6000000
216,Apartamento,Brooklin,186,5,3,344,2,3100000
217,Apartamento,Brooklin,143,3,3,575,2,3375000
218,Apartamento,Brooklin,50,2,1,26,1,699000
219,Casa,Mooca,200,2,3,220,2,805000
220,Casa,Mooca,138,3,3,415,2,950000
221,Apartamento,Mooca,86,2,2,8,1,610000
222,Apartamento,Mooca,86,1,3,0,0,420000
223,Apartamento,Mooca,60,1,2,25,0,395000
224,Apartamento,Mooca,170,2,4,667,3,1300000
225,Apartamento,Mooca,79,2,2,167,1,710000
226,Apartamento,Mooca,34,1,2,83,0,297000
227,Casa,Mooca,175,2,3,298,0,1000000
228,Casa,Mooca,114,2,3,109,3,699000
229,Casa,Mooca,130,5,3,380,2,1800000
230,Apartamento,Mooca,172,5,3,990,5,3180000
231,Apartamento,Mooca,57,2,2,82,1,635000
232,Casa,Mooca,640,7,5,1125,4,2875000
233,Apartamento,Mooca,105,2,2,25,1,575000
234,Apartamento,Mooca,72,1,2,0,0,330000
235,Apartamento,Mooca,39,1,2,159,0,355000
236,Apartamento,Mooca,42,1,1,140,1,400000
237,Apartamento,Mooca,80,2,3,146,1,699000
238,Casa,Mooca,240,3,4,67,0,505000
239,Apartamento,Mooca,34,1,2,0,0,345000
240,Apartamento,Mooca,92,3,2,334,2,1525000
241,Casa,Mooca,190,1,2,0,1,650000
242,Apartamento,Mooca,280,3,3,902,3,1790000
243,Apartamento,Mooca,80,2,3,242,2,639000
244,Casa,Mooca,120,2,2,10,1,690000
245,Apartamento,Mooca,63,1,1,0,0,400000
246,Apartamento,Mooca,120,2,3,278,2,885000
247,Apartamento,Mooca,54,1,2,5,1,465000
248,Apartamento,Mooca,130,2,3,60,1,850000
249,Apartamento,Mooca,24,1,1,0,0,235000
250,Apartamento,Mooca,31,1,1,74,0,200000
251,Apartamento,Mooca,30,1,1,0,0,280000
252,Apartamento,Mooca,55,1,1,0,1,290000
253,Casa,Mooca,120,3,3,127,1,726000
254,Apartamento,Mooca,217,4,4,1080,4,2000000
255,Apartamento,Mooca,53,1,2,10,2,506000
256,Apartamento,Mooca,55,1,2,134,1,490000
257,Apartamento,Mooca,198,5,4,1167,4,1090000
258,Apartamento,Mooca,59,2,3,0,1,555000
259,Casa,Mooca,132,6,6,295,2,1555000
260,Apartamento,Mooca,58,1,2,63,1,450000
261,Apartamento,Mooca,128,4,3,750,4,1011000
262,Casa,Mooca,170,5,3,420,3,999000
263,Apartamento,Mooca,75,2,2,100,1,995000
264,Apartamento,Mooca,51,1,1,53,1,370000
265,Apartamento,Mooca,55,1,3,84,1,552000
266,Apartamento,Mooca,62,1,2,0,1,450000
267,Casa,Mooca,70,1,2,0,1,390000
268,Apartamento,Mooca,343,3,4,1834,4,8750000
269,Apartamento,Mooca,38,1,2,79,0,360000
270,Apartamento,Mooca,80,2,2,250,2,905000
271,Apartamento,Mooca,147,2,2,225,2,1300000
272,Apartamento,Mooca,90,1,2,0,0,320000
273,Casa,Mooca,120,5,3,90,5,1300000
274,Casa,Mooca,157,3,4,284,2,1395000
275,Casa,Mooca,192,3,3,0,1,990000
276,Casa,Mooca,171,3,3,456,3,900000
277,Apartamento,Mooca,180,5,3,584,4,1590000
278,Apartamento,Mooca,49,2,2,0,1,720000
279,Apartamento,Mooca,52,1,2,5,1,550000
280,Apartamento,Mooca,75,2,3,209,1,890000
281,Apartamento,Mooca,60,1,2,6,1,520000
282,Casa,Mooca,200,4,3,375,4,1345000
283,Apartamento,Mooca,112,3,2,400,2,1380000
284,Casa,Mooca,150,2,3,192,2,849999
285,Casa,Mooca,220,3,3,429,5,2500000
286,Apartamento,Mooca,159,5,3,600,2,1990000
287,Apartamento,Mooca,55,2,2,5,1,520000
288,Apartamento,Mooca,33,1,1,0,0,350000
289,Apartamento,Mooca,38,1,2,100,0,350000
290,Apartamento,Mooca,33,1,1,0,0,200000
291,Casa,Mooca,136,2,3,0,1,950000
292,Apartamento,Mooca,32,1,1,0,0,269000
293,Apartamento,Mooca,131,3,3,0,1,850000
294,Apartamento,Mooca,320,4,4,72,4,2190000
295,Apartamento,Mooca,35,1,2,90,0,325000
296,Apartamento,Mooca,35,1,1,0,0,225000
297,Apartamento,Mooca,35,1,1,84,1,300000
298,Apartamento,Mooca,52,1,2,0,0,350000
299,Apartamento,Mooca,35,1,1,0,0,350000
300,Apartamento,Mooca,28,1,1,0,0,225000
301,Apartamento,Mooca,41,1,2,0,1,460000
302,Casa,Mooca,342,7,7,1500,2,2000000
303,Casa,Mooca,290,3,3,437,3,900000
304,Casa,Mooca,140,2,2,184,2,750000
305,Apartamento,Mooca,67,2,2,63,0,355000
306,Apartamento,Mooca,106,1,2,0,0,500000
307,Casa,Mooca,360,4,2,284,1,780000
308,Apartamento,Mooca,68,2,3,156,1,699000
309,Apartamento,Mooca,55,1,2,0,1,449000
310,Casa,Mooca,134,2,4,1,0,1050000
311,Apartamento,Mooca,30,1,1,0,0,264900
312,Apartamento,Mooca,200,4,3,407,2,1260000
313,Apartamento,Mooca,24,1,1,15,0,215000
314,Apartamento,Mooca,76,2,2,248,1,780000
315,Apartamento,Mooca,70,1,2,91,1,420000
316,Apartamento,Mooca,138,3,3,211,2,700000
317,Apartamento,Mooca,54,1,2,28,2,475000
318,Apartamento,Mooca,48,1,2,1,1,532000
319,Apartamento,Mooca,42,1,2,0,1,300000
320,Apartamento,Mooca,58,2,2,43,2,500000
321,Casa,Mooca,202,4,3,360,2,1200000
322,Apartamento,Mooca,122,4,3,0,2,2400000
323,Casa,Mooca,110,2,3,0,1,570000
324,Apartamento,Mooca,51,1,2,44,1,282000
325,Casa,Mooca,192,2,3,0,2,875000
326,Apartamento,Mooca,44,1,2,0,0,395900
327,Apartamento,Mooca,56,1,2,0,1,390000
328,Casa,Mooca,350,2,3,600,3,1600000
329,Apartamento,Mooca,49,1,2,50,1,1530000
330,Casa,Mooca,120,3,3,0,3,665000
331,Apartamento,Mooca,86,2,2,35,1,500000
332,Apartamento,Mooca,70,2,1,21,1,775950
333,Apartamento,Mooca,119,2,3,496,3,1299000
334,Apartamento,Mooca,37,1,2,0,0,300000
335,Apartamento,Mooca,40,1,2,0,0,325000
336,Apartamento,Mooca,46,1,2,0,0,380000
337,Apartamento,Mooca,30,1,1,0,0,285000
338,Apartamento,Mooca,25,1,1,0,0,238000
339,Casa,Mooca,300,1,1,250,4,520000
340,Apartamento,Mooca,126,4,2,510,2,1790000
341,Casa,Mooca,186,2,3,1,2,745000
342,Casa,Mooca,90,2,2,0,0,460000
343,Apartamento,Mooca,86,2,2,0,1,1060000
344,Casa,Mooca,150,2,3,31,1,715000
345,Apartamento,Mooca,37,1,2,0,0,340500
346,Apartamento,Mooca,34,1,1,0,0,260000
347,Apartamento,Mooca,38,1,2,0,0,340000
348,Apartamento,Mooca,33,1,1,0,0,200000
349,Apartamento,Mooca,60,1,2,0,0,300000
350,Apartamento,Mooca,97,3,3,310,2,1100000
351,Apartamento,Mooca,42,1,1,120,1,260000
352,Apartamento,Mooca,51,1,2,0,1,490000
353,Apartamento,Mooca,62,2,2,50,1,649000
354,Casa,Mooca,140,2,3,138,1,900000
355,Apartamento,Mooca,52,1,2,80,1,389000
356,Apartamento,Mooca,53,2,1,45,1,429000
357,Apartamento,Mooca,25,1,1,80,0,210000
358,Apartamento,Mooca,43,1,2,0,0,280000
359,Apartamento,Mooca,42,1,2,50,1,300000
360,Apartamento,Mooca,35,1,2,42,0,271000
361,Apartamento,Mooca,70,2,2,17,1,1200000
362,Apartamento,Mooca,33,1,1,0,0,230000
363,Apartamento,Mooca,235,4,4,300,2,1350000
364,Casa,Mooca,203,2,3,349,3,1050000
365,Casa,Mooca,240,1,2,791,2,2000000
366,Apartamento,Mooca,65,2,2,0,2,580000
367,Apartamento,Mooca,110,3,3,343,2,1250000
368,Casa,Mooca,194,5,4,510,3,1500000
369,Apartamento,Mooca,63,2,2,0,2,615000
370,Apartamento,Mooca,155,3,3,120,1,900000
371,Casa,Mooca,199,2,3,209,1,780000
372,Casa,Mooca,330,2,2,0,7,725000
373,Casa,Mooca,180,2,2,134,2,850000
374,Apartamento,Mooca,132,4,3,239,1,1280000
375,Apartamento,Mooca,49,1,2,67,1,450000
376,Apartamento,Mooca,34,1,1,1,0,395000
377,Casa,Mooca,550,6,5,1666,6,4950000
378,Apartamento,Mooca,30,1,1,0,0,247000
379,Apartamento,Mooca,55,1,2,134,1,490000
380,Apartamento,Mooca,64,1,2,59,1,490000
381,Casa,Mooca,275,3,4,425,4,1450000
382,Apartamento,Mooca,60,2,3,240,1,560000
383,Apartamento,Mooca,109,3,3,184,1,900000
384,Apartamento,Mooca,72,2,3,213,2,750000
385,Apartamento,Mooca,98,3,3,375,2,950000
386,Casa,Mooca,300,3,3,300,5,1320000
387,Apartamento,Mooca,33,1,1,0,0,250000
388,Casa,Mooca,116,2,2,38,1,699000
389,Apartamento,Mooca,72,2,2,0,0,395000
390,Apartamento,Mooca,52,1,2,40,1,369000
391,Casa,Mooca,160,3,3,0,1,850000
392,Apartamento,Mooca,78,2,3,0,1,450000
393,Apartamento,Mooca,135,3,3,334,3,1295000
394,Apartamento,Mooca,320,4,4,717,4,2290000
395,Apartamento,Mooca,75,2,2,101,1,495000
396,Apartamento,Mooca,190,2,3,177,2,890000
397,Casa,Mooca,127,1,2,24,1,535000
398,Apartamento,Mooca,45,2,1,10,1,470000
399,Casa,Mooca,600,4,3,1070,7,2825000
400,Apartamento,Mooca,57,2,2,125,1,670000
401,Casa,Mooca,220,3,6,239,6,1390000
402,Apartamento,Mooca,83,2,3,275,2,1200000
403,Casa,Mooca,170,2,2,290,2,1200000
404,Casa,Mooca,168,2,3,292,4,1170000
405,Casa,Mooca,205,4,3,0,3,950000
406,Apartamento,Mooca,33,1,2,0,0,430000
407,Casa,Mooca,125,2,3,0,1,900000
408,Apartamento,Mooca,82,2,3,250,2,890000
409,Apartamento,Mooca,40,1,2,50,0,314000
410,Apartamento,Mooca,101,3,3,325,2,1195000
411,Apartamento,Mooca,83,2,3,120,1,870000
412,Apartamento,Mooca,78,2,2,0,1,555000
413,Apartamento,Mooca,69,2,2,263,2,950000
414,Casa,Mooca,200,2,4,391,3,890000
415,Casa,Mooca,180,5,3,635,4,1590000
416,Casa,Mooca,231,2,3,462,2,980000
417,Apartamento,Mooca,100,1,2,0,0,1000000
418,Apartamento,Mooca,80,2,3,0,0,550000
419,Casa,Mooca,255,5,4,759,6,1780000
420,Apartamento,Mooca,38,1,2,0,0,320000
421,Casa,Mooca,250,3,3,659,3,1125000
422,Apartamento,Mooca,41,1,2,0,1,470000
423,Apartamento,Mooca,59,1,2,0,1,610000
424,Apartamento,Mooca,40,1,2,84,0,350000
425,Apartamento,Mooca,29,1,1,0,0,213000
426,Apartamento,Mooca,40,1,2,4,1,369000
427,Apartamento,Mooca,35,1,1,0,0,310000
428,Casa,Mooca,256,5,5,559,8,1700000
429,Apartamento,Mooca,221,6,4,1100,4,3875000
430,Apartamento,Mooca,140,3,3,217,1,750000
431,Casa,Mooca,150,2,6,440,4,2115000
432,Apartamento,Mooca,117,2,2,467,3,1800000
433,Apartamento,Mooca,221,6,4,1127,4,4000000
434,Apartamento,Mooca,37,1,1,0,1,350000
435,Apartamento,Mooca,57,1,2,214,1,585000
436,Apartamento,Mooca,34,1,1,77,0,220000
437,Apartamento,Mooca,79,2,2,20,2,910000
438,Casa,Mooca,107,2,1,0,1,775000
439,Apartamento,Mooca,35,1,2,80,0,270000
440,Apartamento,Mooca,74,2,3,225,1,850000
441,Apartamento,Mooca,70,1,2,0,0,380000
442,Casa,Mooca,320,4,3,628,5,2300000
443,Apartamento,Mooca,133,3,3,580,2,2900000
444,Casa,Mooca,186,3,4,0,3,1600000
445,Apartamento,Mooca,40,1,2,0,0,342000
446,Apartamento,Mooca,42,1,2,0,0,395000
447,Apartamento,Mooca,30,1,1,10,0,330000
448,Apartamento,Mooca,52,1,2,0,1,511000
449,Apartamento,Mooca,36,1,2,83,0,322000
450,Apartamento,Mooca,54,2,2,25,1,615000
451,Apartamento,Mooca,33,1,2,0,0,265000
452,Apartamento,Mooca,130,4,3,489,2,1703000
453,Casa,Mooca,420,2,3,1700,10,2120000
454,Apartamento,Mooca,177,4,4,71,4,1210000
455,Apartamento,Mooca,49,1,1,120,0,475000
456,Apartamento,Mooca,204,6,4,927,4,3100000
457,Apartamento,Mooca,135,3,3,600,3,2370000
458,Apartamento,Mooca,86,2,2,100,1,1050000
459,Apartamento,Mooca,60,1,2,0,0,285000
460,Apartamento,Mooca,270,5,4,834,3,1399000
461,Apartamento,Mooca,52,2,2,54,1,550000
462,Casa,Mooca,300,4,3,940,3,2420000
463,Casa,Mooca,123,2,2,0,2,1240000
464,Apartamento,Mooca,52,1,2,0,1,529000
465,Apartamento,Mooca,30,1,1,0,0,247000
466,Apartamento,Mooca,82,3,2,312,3,1150000
467,Apartamento,Mooca,87,2,2,363,4,1280000
468,Apartamento,Mooca,110,3,2,394,2,1170000
469,Apartamento,Mooca,63,2,3,196,1,669000
470,Apartamento,Mooca,90,2,3,334,2,1100000
471,Casa,Mooca,200,2,3,137,1,575000
472,Casa,Mooca,193,2,3,334,3,1499999
473,Casa,Mooca,138,2,4,0,1,780000
474,Casa,Mooca,129,2,3,355,2,850000
475,Casa,Mooca,168,3,3,300,4,1290000
476,Apartamento,Mooca,35,1,1,0,0,260000
477,Casa,Mooca,180,3,2,0,2,685000
478,Apartamento,Mooca,96,1,3,155,2,480000
479,Casa,Mooca,203,2,3,0,3,900000
480,Apartamento,Mooca,45,1,2,0,0,369000
481,Apartamento,Mooca,48,1,2,84,1,365000
482,Apartamento,Mooca,80,3,2,0,1,498000
483,Casa,Mooca,100,1,2,1667,2,600000
484,Casa,Mooca,187,3,5,380,3,995000
485,Casa,Mooca,112,2,2,100,1,350000
486,Casa,Mooca,240,3,3,34,1,795000
487,Apartamento,Mooca,50,1,2,117,1,360000
488,Apartamento,Mooca,50,1,2,134,1,370000
489,Casa,Mooca,70,2,2,0,1,470000
490,Apartamento,Mooca,45,2,1,121,1,475000
491,Apartamento,Mooca,64,2,2,166,1,590000
492,Apartamento,Mooca,30,1,1,0,0,255000
493,Apartamento,Mooca,420,6,3,1985,4,3600000
494,Casa,Mooca,220,2,2,130,1,586000
495,Casa,Mooca,100,2,2,100,0,510000
496,Apartamento,Mooca,110,2,2,109,0,600000
497,Apartamento,Mooca,70,2,3,245,2,900000
498,Apartamento,Mooca,160,3,3,555,3,1200000
499,Apartamento,Mooca,40,1,2,0,0,300000
500,Apartamento,Mooca,175,5,3,917,3,1100000
501,Apartamento,Mooca,82,1,1,6,0,299500
502,Apartamento,Mooca,156,3,3,0,3,1500000
503,Apartamento,Mooca,110,2,2,21,1,625000
504,Apartamento,Mooca,38,1,2,5,0,305000
505,Casa,Mooca,118,1,3,65,2,1080000
506,Apartamento,Mooca,82,3,3,50,1,490000
507,Casa,Mooca,140,3,2,0,1,620000
508,Apartamento,Mooca,202,5,4,1400,4,4028000
509,Apartamento,Mooca,242,5,5,734,4,1140000
510,Apartamento,Mooca,82,2,2,500,2,1250000
511,Apartamento,Mooca,90,1,3,220,1,735000
512,Casa,Mooca,157,2,3,140,3,1150000
513,Casa,Mooca,180,2,3,0,1,610000
514,Casa,Mooca,250,4,3,1000,4,2100000
515,Apartamento,Mooca,234,4,4,191,2,1000000
516,Apartamento,Mooca,40,1,2,0,0,315000
517,Apartamento,Mooca,64,2,2,67,2,810000
518,Apartamento,Mooca,47,1,2,0,1,410000
519,Apartamento,Mooca,35,1,2,0,0,600000
520,Apartamento,Mooca,69,2,2,30,1,550000
521,Apartamento,Mooca,38,1,2,0,0,315000
522,Apartamento,Mooca,89,3,2,396,2,1275000
523,Apartamento,Mooca,39,1,2,0,0,350000
524,Casa,Mooca,149,4,3,250,2,1035000
525,Casa,Mooca,300,6,6,1274,0,1200000
526,Apartamento,Mooca,35,1,1,0,0,360000
527,Casa,Mooca,80,2,2,117,0,480000
528,Apartamento,Mooca,86,2,3,117,1,1100000
529,Apartamento,Mooca,93,2,3,220,1,1135000
530,Apartamento,Mooca,289,6,4,925,4,1455000
531,Apartamento,Mooca,25,1,1,0,0,292071
532,Casa,Mooca,350,4,4,499,3,2130000
533,Casa,Mooca,150,1,3,350,1,1400000
534,Casa,Mooca,300,4,3,529,6,1225000
535,Apartamento,Mooca,44,1,2,0,0,360000
536,Apartamento,Mooca,50,1,1,0,0,235000
537,Casa,Mooca,196,2,4,289,1,780000
538,Casa,Mooca,118,2,3,100,2,790000
539,Apartamento,Mooca,50,1,2,500,1,650000
540,Apartamento,Mooca,224,6,4,1567,4,2800000
541,Apartamento,Mooca,45,1,2,0,0,390000
542,Apartamento,Mooca,227,3,4,1005,4,1300000
543,Casa,Mooca,234,3,6,583,4,660000
544,Apartamento,Mooca,66,1,2,0,1,450000
545,Casa,Mooca,352,4,3,416,4,900000
546,Apartamento,Mooca,108,5,3,374,2,1450000
547,Apartamento,Mooca,42,1,2,0,0,420000
548,Apartamento,Mooca,70,1,3,150,1,600000
549,Apartamento,Mooca,126,4,3,299,2,1700000
550,Apartamento,Mooca,65,1,2,50,0,310000
551,Apartamento,Mooca,92,3,3,254,2,1100000
552,Apartamento,Mooca,30,1,1,0,0,200000
553,Casa,Mooca,300,6,4,375,3,1275000
554,Apartamento,Santana,87,1,2,59,1,450000
555,Apartamento,Santana,225,4,4,1650,4,1949000
556,Casa,Santana,300,4,6,465,2,705000
557,Apartamento,Santana,198,4,3,1000,3,1774000
558,Apartamento,Santana,56,1,2,125,1,400000
559,Casa,Santana,150,2,3,472,2,700000
560,Apartamento,Santana,120,2,3,250,1,662500
561,Apartamento,Santana,73,2,1,0,0,410000
562,Apartamento,Santana,90,3,3,134,1,740000
563,Apartamento,Santana,38,1,1,34,1,570000
564,Apartamento,Santana,65,1,2,75,1,700000
565,Apartamento,Santana,138,3,3,238,2,740000
566,Apartamento,Santana,110,3,3,46,2,1180000
567,Casa,Santana,513,2,3,1667,5,2700000
568,Casa,Santana,160,4,2,125,2,1000000
569,Apartamento,Santana,60,1,1,110,1,599000
570,Casa,Santana,160,1,2,90,1,750000
571,Apartamento,Santana,70,2,2,209,2,1200000
572,Casa,Santana,300,1,2,607,2,1150000
573,Apartamento,Santana,40,1,2,0,0,290000
574,Apartamento,Santana,340,5,5,1511,4,2500000
575,Apartamento,Santana,29,1,1,0,1,350000
576,Casa,Santana,250,4,3,73,2,885000
577,Apartamento,Santana,80,2,2,250,2,1450000
578,Apartamento,Santana,67,1,2,0,0,535000
579,Casa,Santana,125,2,3,150,2,800000
580,Apartamento,Santana,90,3,3,392,2,839000
581,Apartamento,Santana,90,1,2,0,0,500000
582,Apartamento,Santana,340,5,4,1650,4,1795000
583,Apartamento,Santana,316,2,3,808,4,2500000
584,Casa,Santana,100,3,4,1750,1,850000
585,Apartamento,Santana,160,4,3,1000,3,1500000
586,Apartamento,Santana,41,1,2,0,1,430000
587,Apartamento,Santana,45,1,2,100,1,369900
588,Casa,Santana,685,3,3,192,4,2665000
589,Apartamento,Santana,57,1,2,107,1,610000
590,Apartamento,Santana,34,1,1,34,1,550000
591,Casa,Santana,149,2,3,128,2,800000
592,Apartamento,Santana,76,1,1,159,1,655000
593,Casa,Santana,226,5,4,667,2,2450000
594,Casa,Santana,150,2,3,134,2,490000
595,Apartamento,Santana,67,1,1,186,1,799500
596,Casa,Santana,98,1,3,0,1,790000
597,Apartamento,Santana,80,3,2,300,1,1539000
598,Casa,Santana,200,3,4,0,2,700000
599,Apartamento,Santana,29,1,1,0,0,255000
600,Casa,Santana,230,4,3,375,2,550000
601,Apartamento,Santana,80,1,2,0,0,550000
602,Casa,Santana,382,6,4,625,6,1437000
603,Apartamento,Santana,56,1,2,21,1,435000
604,Apartamento,Santana,126,2,3,291,2,900000
605,Casa,Santana,190,4,5,0,2,954000
606,Apartamento,Santana,127,3,3,75,3,1040000
607,Apartamento,Santana,194,3,3,1100,4,3192000
608,Apartamento,Santana,67,2,2,200,1,800000
609,Apartamento,Santana,180,3,5,0,2,1000000
610,Casa,Santana,350,2,3,834,4,1065000
611,Apartamento,Santana,78,2,2,290,2,1225000
612,Apartamento,Santana,110,3,3,46,2,1224000
613,Casa,Santana,172,6,3,30,2,1100000
614,Apartamento,Santana,79,2,3,152,2,590000
615,Apartamento,Santana,77,2,2,85,1,598000
616,Casa,Santana,117,3,3,350,2,850000
617,Apartamento,Santana,53,1,2,214,1,495000
618,Apartamento,Santana,68,1,2,0,0,310000
619,Casa,Santana,125,3,3,10,0,545000
620,Casa,Santana,180,2,3,205,3,757500
621,Casa,Santana,300,2,2,719,2,1300000
622,Apartamento,Santana,182,5,3,1200,3,2750000
623,Apartamento,Santana,90,2,3,87,1,600000
624,Casa,Santana,278,5,3,834,3,1900000
625,Apartamento,Santana,30,1,1,0,0,334000
626,Casa,Santana,230,4,4,250,3,1200000
627,Casa,Santana,144,3,3,0,1,446000
628,Apartamento,Santana,92,3,2,300,1,1100000
629,Casa,Santana,116,2,2,0,0,550000
630,Apartamento,Santana,103,2,3,750,2,1250000
631,Apartamento,Santana,320,5,4,1667,4,3200000
632,Apartamento,Santana,89,1,2,0,0,370000
633,Apartamento,Santana,33,1,1,0,1,372000
634,Apartamento,Santana,72,1,3,0,0,550000
635,Casa,Santana,200,3,3,56,2,990000
636,Apartamento,Santana,28,1,1,73,0,215000
637,Casa,Santana,330,4,4,2500,6,2500000
638,Apartamento,Santana,80,3,2,199,1,720000
639,Apartamento,Santana,40,1,1,0,0,370000
640,Apartamento,Santana,488,7,5,1750,5,6900000
641,Apartamento,Santana,27,1,1,75,0,243800
642,Apartamento,Santana,38,1,1,0,1,430000
643,Casa,Santana,250,6,3,450,5,1490000
644,Casa,Santana,300,3,3,700,1,1250000
645,Apartamento,Santana,62,1,2,0,0,550000
646,Casa,Santana,298,3,4,1000,15,1590000
647,Apartamento,Santana,60,1,2,49,1,690000
648,Casa,Santana,50,1,1,42,1,405000
649,Apartamento,Santana,63,2,2,252,2,704000
650,Apartamento,Santana,80,2,2,0,1,550000
651,Casa,Santana,240,3,3,160,3,825000
652,Apartamento,Santana,42,1,2,100,0,320000
653,Apartamento,Santana,190,5,4,820,4,2150000
654,Casa,Santana,200,5,3,700,3,1063800
655,Apartamento,Santana,70,1,2,0,0,305000
656,Casa,Santana,405,2,2,447,4,650000
657,Apartamento,Santana,70,1,2,0,1,490000
658,Apartamento,Santana,87,2,3,31,2,1110000
659,Apartamento,Santana,96,3,2,209,2,915000
660,Apartamento,Santana,93,2,3,417,2,1220000
661,Casa,Santana,120,1,1,0,1,372340
662,Casa,Santana,145,1,2,0,2,640000
663,Casa,Santana,240,3,3,165,2,960000
664,Casa,Santana,830,2,2,159,2,800000
665,Casa,Santana,135,2,2,53,2,1160000
666,Casa,Santana,90,2,2,0,1,585100
667,Apartamento,Santana,45,1,2,50,1,420000
668,Casa,Santana,460,5,4,1166,4,2600000
669,Apartamento,Santana,31,1,1,0,0,269000
670,Casa,Santana,270,3,2,34,2,649999
671,Casa,Santana,472,1,3,292,3,1652000
672,Casa,Santana,100,2,3,492,4,520000
673,Casa,Santana,360,1,3,346,4,890000
674,Casa,Santana,125,3,3,0,2,870000
675,Apartamento,Santana,143,3,3,83,3,2700000
676,Apartamento,Santana,39,1,2,0,1,529000
677,Casa,Santana,230,3,4,0,3,1950000
678,Apartamento,Santana,53,1,1,4,0,319000
679,Casa,Santana,225,4,6,0,1,900000
680,Apartamento,Santana,105,4,3,900,3,870000
681,Apartamento,Santana,38,1,1,34,1,532000
682,Casa,Santana,70,1,1,0,2,365000
683,Casa,Santana,70,1,2,100,0,358222
684,Casa,Santana,200,1,3,217,0,1425000
685,Apartamento,Santana,220,5,3,742,4,1375000
686,Casa,Santana,400,6,4,209,3,3320000
687,Casa,Santana,103,2,3,17,2,870000
688,Apartamento,Santana,42,1,2,0,0,440000
689,Apartamento,Santana,67,1,1,21,1,330000
690,Apartamento,Santana,62,2,2,53,1,530000
691,Apartamento,Santana,39,1,1,34,1,596000
692,Casa,Santana,400,5,7,59,2,560000
693,Apartamento,Santana,74,2,2,400,2,950000
694,Apartamento,Santana,100,2,3,177,1,600000
695,Casa,Santana,115,3,3,0,2,1400000
696,Apartamento,Santana,130,4,3,144,1,770000
697,Casa,Santana,111,4,3,321,2,870000
698,Casa,Santana,40,1,3,125,0,1500000
699,Casa,Santana,150,3,4,0,2,780000
700,Casa,Santana,208,2,3,600,4,770000
701,Casa,Santana,350,3,4,959,3,1300000
702,Apartamento,Santana,51,1,1,105,1,580000
703,Apartamento,Santana,30,1,1,41,0,295000
704,Apartamento,Santana,124,3,3,385,1,1240000
705,Apartamento,Santana,34,1,1,0,0,560346
706,Apartamento,Santana,194,4,3,1150,4,2490000
707,Apartamento,Santana,66,2,2,209,2,600000
708,Apartamento,Santana,58,1,2,0,0,395000
709,Casa,Santana,200,4,3,0,2,890000
710,Apartamento,Santana,65,2,2,350,2,860000
711,Apartamento,Santana,137,2,3,117,1,980000
712,Casa,Santana,165,2,4,300,2,1500000
713,Apartamento,Santana,100,3,3,511,2,700000
714,Apartamento,Santana,70,2,3,0,1,550000
715,Casa,Santana,700,4,4,500,2,1600000
716,Casa,Santana,136,1,2,62,1,560000
717,Apartamento,Santana,237,3,4,377,2,1800000
718,Apartamento,Santana,82,2,2,250,1,425000
719,Apartamento,Santana,150,3,4,417,2,775000
720,Apartamento,Santana,92,2,3,31,2,975000
721,Apartamento,Santana,33,1,1,11,1,340000
722,Apartamento,Santana,83,1,3,14,2,800000
723,Apartamento,Santana,40,1,1,209,1,475000
724,Apartamento,Santana,90,1,1,42,2,1490000
725,Apartamento,Santana,171,4,3,1500,3,1810000
726,Apartamento,Santana,74,1,2,0,0,380000
727,Apartamento,Santana,34,1,1,100,0,320000
728,Apartamento,Santana,105,2,3,100,1,595000
729,Casa,Santana,120,5,3,125,4,1025000
730,Apartamento,Santana,77,1,2,0,1,530000
731,Apartamento,Santana,183,3,3,757,4,1650000
732,Apartamento,Santana,60,2,2,142,1,530000
733,Apartamento,Santana,120,5,4,500,2,685000
734,Apartamento,Santana,34,1,1,34,1,580000
735,Apartamento,Santana,185,4,3,567,3,900000
736,Apartamento,Santana,40,1,2,150,0,420000
737,Casa,Santana,125,3,3,0,2,950000
738,Apartamento,Santana,60,1,3,11,1,438500
739,Apartamento,Santana,130,4,3,100,3,1550000
740,Casa,Santana,100,2,4,250,1,800000
741,Apartamento,Santana,175,4,4,84,3,1360000
742,Casa,Santana,260,4,3,1141,3,1422500
743,Casa,Santana,305,2,2,417,2,1525000
744,Casa,Santana,270,5,3,567,4,2175000
745,Casa,Santana,300,4,4,833,4,2000000
746,Apartamento,Santana,110,3,3,342,2,1200000
747,Apartamento,Santana,380,6,4,2000,5,2700000
748,Apartamento,Santana,75,2,3,360,1,595000
749,Apartamento,Santana,135,3,3,222,1,1150000
750,Casa,Santana,350,4,3,17,2,1350000
751,Apartamento,Santana,80,1,2,0,1,360000
752,Apartamento,Santana,76,2,2,140,1,1071500
753,Casa,Santana,125,1,2,196,1,860000
754,Apartamento,Santana,67,2,3,0,2,500000
755,Casa,Santana,158,2,3,184,3,960000
756,Casa,Santana,125,2,3,0,1,580000
757,Casa,Santana,144,3,2,239,2,1060000
758,Apartamento,Santana,38,1,2,0,0,400000
759,Apartamento,Santana,350,4,4,2084,4,3350000
760,Apartamento,Santana,30,1,1,87,0,250000
761,Apartamento,Santana,274,4,4,1595,5,3599000
762,Casa,Santana,120,2,2,0,1,630000
763,Casa,Santana,230,3,3,231,4,1290000
764,Apartamento,Santana,133,3,3,731,3,1975000
765,Apartamento,Santana,39,1,2,0,1,535000
766,Apartamento,Santana,70,2,2,375,1,1130000
767,Apartamento,Santana,66,2,3,84,2,790000
768,Casa,Santana,130,3,3,0,2,950000
769,Apartamento,Santana,143,4,4,559,2,1220000
770,Apartamento,Santana,96,3,3,267,2,1280000
771,Apartamento,Santana,130,2,3,209,2,950000
772,Apartamento,Santana,62,2,2,0,1,500000
773,Apartamento,Santana,33,1,1,0,1,372000
774,Apartamento,Santana,120,4,3,469,3,1350000
775,Casa,Santana,260,3,4,288,4,1450000
776,Casa,Santana,242,4,3,347,2,1655000
777,Apartamento,Santana,115,3,3,754,3,1070000
778,Apartamento,Santana,67,1,3,192,1,530000
779,Apartamento,Santana,63,1,2,0,1,440000
780,Casa,Santana,166,2,5,562,2,790000
781,Apartamento,Santana,95,2,2,412,1,1275000
782,Casa,Santana,60,1,1,171,8,560000
783,Apartamento,Santana,142,4,3,274,2,1710000
784,Casa,Santana,100,4,3,146,2,670000
785,Apartamento,Santana,167,4,3,800,2,3300000
786,Casa,Santana,180,1,1,190,0,855000
787,Casa,Santana,185,4,3,409,2,870000
788,Casa,Santana,220,1,3,0,2,370000
789,Casa,Santana,110,1,3,0,2,670000
790,Casa,Santana,300,5,5,834,4,1765000
791,Apartamento,Santana,68,1,2,312,2,585000
792,Apartamento,Santana,84,3,3,95,2,800000
793,Casa,Santana,110,2,3,217,1,710000
794,Apartamento,Santana,38,1,2,162,1,460000
795,Apartamento,Santana,700,6,4,88,4,1900000
796,Apartamento,Santana,150,5,4,825,3,1400000
797,Apartamento,Santana,40,1,1,29,1,450000
798,Casa,Santana,105,4,3,250,2,980000
799,Apartamento,Santana,75,3,3,217,1,580000
800,Apartamento,Santana,86,1,2,0,1,440000
801,Apartamento,Santana,70,1,2,84,1,500000
802,Casa,Santana,127,4,3,350,2,1200000
803,Apartamento,Santana,130,3,3,342,2,990000
804,Apartamento,Santana,75,3,3,200,1,580000
805,Apartamento,Santana,110,2,2,55,1,690000
806,Casa,Santana,185,3,2,0,2,695000
807,Casa,Santana,197,2,4,465,1,850000
808,Apartamento,Santana,74,2,2,0,2,720000
809,Apartamento,Santana,255,6,4,2092,5,3710000
810,Casa,Santana,262,3,3,184,4,1700000
811,Apartamento,Tatuapé,92,1,2,0,1,540000
812,Apartamento,Tatuapé,67,2,2,59,1,800000
813,Apartamento,Tatuapé,27,1,1,0,0,240000
814,Casa,Tatuapé,240,1,2,500,2,1600000
815,Casa,Tatuapé,150,4,3,334,2,1149000
816,Apartamento,Tatuapé,68,1,3,14,1,450000
817,Casa,Tatuapé,280,4,6,93,3,800000
818,Apartamento,Tatuapé,65,2,2,0,1,760000
819,Apartamento,Tatuapé,70,2,2,184,1,1100000
820,Apartamento,Tatuapé,60,2,2,84,1,650000
821,Apartamento,Tatuapé,69,2,2,193,2,696000
822,Casa,Tatuapé,160,1,3,268,2,580000
823,Casa,Tatuapé,400,7,4,267,4,1800000
824,Apartamento,Tatuapé,77,2,3,132,2,700000
825,Apartamento,Tatuapé,67,2,2,20,1,490000
826,Apartamento,Tatuapé,85,2,3,222,2,1185000
827,Casa,Tatuapé,90,1,2,0,1,650000
828,Apartamento,Tatuapé,43,1,2,0,0,495000
829,Apartamento,Tatuapé,51,1,2,49,1,460000
830,Casa,Tatuapé,215,4,4,431,3,1550000
831,Apartamento,Tatuapé,55,1,2,317,0,2300000
832,Apartamento,Tatuapé,54,1,2,150,1,400000
833,Apartamento,Tatuapé,134,3,3,600,3,1300000
834,Casa,Tatuapé,150,2,4,109,1,608000
835,Apartamento,Tatuapé,56,2,2,207,1,540000
836,Casa,Tatuapé,250,3,3,742,2,950000
837,Casa,Tatuapé,178,4,3,292,4,950000
838,Casa,Tatuapé,184,5,4,584,3,1665000
839,Casa,Tatuapé,172,4,3,538,3,1150000
840,Apartamento,Tatuapé,68,1,2,106,1,550000
841,Apartamento,Tatuapé,139,4,3,1126,3,1180000
842,Casa,Tatuapé,140,1,3,24,3,570000
843,Apartamento,Tatuapé,110,4,3,396,2,1510000
844,Casa,Tatuapé,180,3,3,0,3,1100000
845,Apartamento,Tatuapé,180,5,4,995,2,960000
846,Casa,Tatuapé,210,4,4,546,4,1250000
847,Apartamento,Tatuapé,100,2,3,55,1,700000
848,Casa,Tatuapé,130,3,2,299,0,1299000
849,Apartamento,Tatuapé,80,1,3,300,2,680000
850,Apartamento,Tatuapé,82,2,3,117,2,1150000
851,Apartamento,Tatuapé,127,3,3,451,2,1390000
852,Casa,Tatuapé,144,2,3,431,2,870000
853,Casa,Tatuapé,370,3,5,4167,2,800000
854,Casa,Tatuapé,280,4,5,82,2,1200000
855,Casa,Tatuapé,252,2,4,515,2,1035000
856,Casa,Tatuapé,258,5,3,1237,2,3800000
857,Apartamento,Tatuapé,70,2,2,400,2,730000
858,Apartamento,Tatuapé,100,2,2,83,0,420000
859,Apartamento,Tatuapé,51,1,2,71,1,635000
860,Apartamento,Tatuapé,93,4,3,383,2,990000
861,Apartamento,Tatuapé,56,1,2,0,1,480000
862,Apartamento,Tatuapé,50,1,2,92,0,320000
863,Apartamento,Tatuapé,35,1,2,0,0,320000
864,Apartamento,Tatuapé,78,2,3,116,1,550000
865,Apartamento,Tatuapé,192,5,3,71,2,2400000
866,Apartamento,Tatuapé,38,1,1,172,1,426000
867,Casa,Tatuapé,100,1,2,458,2,1100000
868,Apartamento,Tatuapé,123,2,3,500,2,1790000
869,Apartamento,Tatuapé,67,2,2,84,1,505000
870,Casa,Tatuapé,220,3,3,480,3,1099000
871,Apartamento,Tatuapé,74,2,2,0,1,550000
872,Casa,Tatuapé,83,1,2,125,1,650000
873,Apartamento,Tatuapé,54,1,2,76,1,500000
874,Apartamento,Tatuapé,117,3,4,890,4,1620000
875,Apartamento,Tatuapé,81,2,2,0,2,1305000
876,Casa,Tatuapé,80,1,2,119,1,495000
877,Apartamento,Tatuapé,56,1,2,0,1,398000
878,Apartamento,Tatuapé,112,3,3,550,2,1915000
879,Apartamento,Tatuapé,50,1,2,100,1,419000
880,Casa,Tatuapé,49,1,1,0,1,365000
881,Apartamento,Tatuapé,82,3,3,190,1,1100000
882,Apartamento,Tatuapé,78,2,3,0,1,485000
883,Casa,Tatuapé,120,1,2,500,1,1950000
884,Apartamento,Tatuapé,75,2,3,135,1,670000
885,Casa,Tatuapé,95,1,2,0,0,585000
886,Apartamento,Tatuapé,250,3,4,1800,3,2340000
887,Casa,Tatuapé,90,2,3,177,1,650000
888,Apartamento,Tatuapé,35,1,2,0,0,315000
889,Apartamento,Tatuapé,96,1,2,57,0,440000
890,Apartamento,Tatuapé,94,3,2,200,2,1600000
891,Apartamento,Tatuapé,44,1,2,235,1,420000
892,Casa,Tatuapé,70,1,3,100,1,589000
893,Casa,Tatuapé,121,2,2,16,2,740000
894,Apartamento,Tatuapé,69,2,3,0,2,520000
895,Casa,Tatuapé,182,3,3,620,3,1200000
896,Apartamento,Tatuapé,120,2,5,192,0,440000
897,Apartamento,Tatuapé,120,4,3,584,3,1080000
898,Casa,Tatuapé,255,4,4,632,2,1750000
899,Apartamento,Tatuapé,200,5,3,734,3,1300000
900,Apartamento,Tatuapé,41,1,2,23,1,310000
901,Apartamento,Tatuapé,115,3,2,398,2,1089000
902,Casa,Tatuapé,330,4,6,0,0,875000
903,Apartamento,Tatuapé,81,2,2,0,1,370000
904,Apartamento,Tatuapé,80,3,3,0,2,1380000
905,Apartamento,Tatuapé,99,2,3,370,2,1430000
906,Apartamento,Tatuapé,71,1,3,208,1,650000
907,Apartamento,Tatuapé,80,3,3,342,1,790000
908,Apartamento,Tatuapé,127,4,3,735,2,1800000
909,Apartamento,Tatuapé,167,5,4,714,3,2695000
910,Apartamento,Tatuapé,135,3,3,571,2,1550000
911,Casa,Tatuapé,180,2,5,0,0,990000
912,Apartamento,Tatuapé,40,1,2,100,0,302000
913,Apartamento,Tatuapé,151,4,4,750,3,2025000
914,Apartamento,Tatuapé,105,3,3,240,2,1805000
915,Casa,Tatuapé,527,4,5,1000,2,1060000
916,Apartamento,Tatuapé,68,2,2,0,1,518000
917,Apartamento,Tatuapé,50,1,2,169,1,375000
918,Casa,Tatuapé,145,4,3,350,2,1149000
919,Casa,Tatuapé,280,2,1,375,3,1027500
920,Apartamento,Tatuapé,68,2,2,0,1,570000
921,Casa,Tatuapé,105,3,4,100,2,760000
922,Apartamento,Tatuapé,192,5,3,950,4,2340000
923,Apartamento,Tatuapé,94,2,2,186,2,1200000
924,Casa,Tatuapé,109,2,3,0,1,750000
925,Apartamento,Tatuapé,143,2,3,500,2,1000000
926,Apartamento,Tatuapé,36,1,2,152,0,317000
927,Casa,Tatuapé,520,2,4,584,5,1420000
928,Apartamento,Tatuapé,67,1,3,42,1,430000
929,Casa,Tatuapé,300,2,4,961,2,1600000
930,Apartamento,Tatuapé,72,2,3,166,2,880000
931,Apartamento,Tatuapé,78,2,3,125,2,633000
932,Apartamento,Tatuapé,89,2,3,250,2,1000000
933,Casa,Tatuapé,137,2,2,123,1,570000
934,Apartamento,Tatuapé,66,1,2,0,1,420000
935,Apartamento,Tatuapé,95,4,3,367,2,895300
936,Apartamento,Tatuapé,156,2,3,731,3,1350000
937,Casa,Tatuapé,360,5,3,375,5,1480000
938,Apartamento,Tatuapé,42,1,2,100,0,510000
939,Apartamento,Tatuapé,37,1,2,115,0,300000
940,Casa,Tatuapé,250,5,3,0,4,1480000
941,Apartamento,Tatuapé,81,2,2,210,1,810000
942,Casa,Tatuapé,350,2,2,0,3,1280000
943,Apartamento,Tatuapé,46,1,2,0,0,369000
944,Apartamento,Tatuapé,225,5,3,1670,4,3500000
945,Apartamento,Tatuapé,210,4,3,1000,2,1052000
946,Apartamento,Tatuapé,34,1,2,1,0,340000
947,Apartamento,Tatuapé,80,3,2,228,1,925000
948,Apartamento,Tatuapé,84,3,3,339,2,899990
949,Apartamento,Tatuapé,43,1,1,0,1,490000
950,Casa,Tatuapé,105,3,2,388,2,785000
951,Apartamento,Tatuapé,56,2,2,5,1,560000
952,Casa,Tatuapé,76,2,2,63,1,900000
953,Apartamento,Tatuapé,192,5,3,570,3,2540000
954,Casa,Tatuapé,184,1,3,385,3,1200000
955,Apartamento,Tatuapé,33,1,2,10,0,328000
956,Apartamento,Tatuapé,50,1,2,85,1,430000
957,Apartamento,Tatuapé,138,4,3,939,3,1060000
958,Apartamento,Tatuapé,81,3,3,306,2,750000
959,Casa,Tatuapé,202,4,7,784,2,1900000
960,Apartamento,Tatuapé,215,4,4,700,3,3150000
961,Apartamento,Tatuapé,64,1,3,116,1,610000
962,Apartamento,Tatuapé,86,1,3,0,2,725000
963,Apartamento,Tatuapé,24,1,1,0,0,235600
964,Apartamento,Tatuapé,68,2,2,0,1,590000
965,Apartamento,Tatuapé,99,3,3,276,2,1340000
966,Apartamento,Tatuapé,89,3,3,371,2,890000
967,Apartamento,Tatuapé,93,3,2,300,2,1150000
968,Apartamento,Tatuapé,95,2,3,60,1,650000
969,Casa,Tatuapé,149,3,2,224,2,990000
970,Apartamento,Tatuapé,84,2,3,267,2,1199000
971,Apartamento,Tatuapé,50,1,2,60,1,620000
972,Apartamento,Tatuapé,49,1,1,147,1,588000
973,Apartamento,Tatuapé,112,3,3,250,2,1999000
974,Apartamento,Tatuapé,244,3,4,1792,3,1750000
975,Casa,Tatuapé,62,2,3,63,2,650000
976,Casa,Tatuapé,408,1,2,1028,0,780000
977,Apartamento,Tatuapé,61,1,2,100,0,369000
978,Apartamento,Tatuapé,61,2,2,125,1,750000
979,Apartamento,Tatuapé,70,2,2,0,1,570000
980,Apartamento,Tatuapé,90,2,2,83,0,399000
981,Apartamento,Tatuapé,68,2,2,34,1,900000
982,Apartamento,Tatuapé,93,2,3,170,2,1393000
983,Apartamento,Tatuapé,29,1,1,60,0,360000
984,Casa,Tatuapé,440,3,3,788,5,1750000
985,Apartamento,Tatuapé,315,4,3,2025,5,4800000
986,Casa,Tatuapé,120,2,2,0,0,652000
987,Apartamento,Tatuapé,70,2,2,0,1,480000
988,Apartamento,Tatuapé,52,1,2,0,1,385900
989,Apartamento,Tatuapé,34,1,2,0,0,322000
990,Apartamento,Tatuapé,106,4,3,400,2,1295000
991,Apartamento,Tatuapé,45,1,2,109,1,410000
992,Apartamento,Tatuapé,85,2,3,330,2,1300000
993,Apartamento,Tatuapé,42,1,2,0,0,330000
994,Apartamento,Tatuapé,34,1,1,0,1,375000
995,Apartamento,Tatuapé,33,1,2,1,0,340000
996,Casa,Tatuapé,186,2,3,348,2,875000
997,Casa,Tatuapé,150,3,3,151,0,860000
998,Casa,Tatuapé,95,2,2,0,2,650000
999,Apartamento,Tatuapé,67,2,2,20,0,700000
1000,Apartamento,Tatuapé,356,5,4,1000,4,4300000
1001,Casa,Tatuapé,60,1,2,0,0,307000
1002,Apartamento,Tatuapé,49,1,1,84,1,649900
1003,Apartamento,Tatuapé,44,1,2,0,1,550000
1004,Apartamento,Tatuapé,65,2,2,222,1,790000
1005,Apartamento,Tatuapé,178,3,4,417,3,2600000
1006,Apartamento,Tatuapé,50,1,2,14,1,415000
1007,Apartamento,Tatuapé,80,2,3,109,1,729000
1008,Apartamento,Tatuapé,74,2,3,0,2,840000
1009,Casa,Tatuapé,369,4,3,700,4,2200000
1010,Apartamento,Tatuapé,78,2,4,70,2,750000
1011,Apartamento,Tatuapé,70,2,2,280,2,618000
1012,Apartamento,Tatuapé,86,2,3,208,1,1125000
1013,Casa,Tatuapé,60,2,2,0,1,360000
1014,Apartamento,Tatuapé,176,5,4,850,3,2700000
1015,Casa,Tatuapé,182,3,3,991,3,1550000
1016,Apartamento,Tatuapé,130,3,3,1052,3,1890000
1017,Apartamento,Tatuapé,69,2,2,9,1,970000
1018,Casa,Tatuapé,350,4,3,422,1,1325000
1019,Apartamento,Tatuapé,50,1,2,6,1,420000
1020,Apartamento,Tatuapé,50,1,2,71,1,430000
1021,Apartamento,Tatuapé,51,1,2,0,1,457000
1022,Apartamento,Tatuapé,45,1,2,0,1,505000
1023,Apartamento,Tatuapé,71,2,2,0,1,490000
1024,Apartamento,Tatuapé,80,2,3,0,1,498000
1025,Casa,Tatuapé,400,6,4,1300,4,2700000
1026,Casa,Tatuapé,80,2,2,340,1,700000
1027,Apartamento,Tatuapé,204,4,4,417,3,1400000
1028,Apartamento,Tatuapé,157,5,4,1500,4,2650000
1029,Apartamento,Tatuapé,64,2,2,53,1,540000
1030,Apartamento,Tatuapé,123,4,3,350,2,2050000
1031,Apartamento,Tatuapé,80,2,3,227,1,825000
1032,Casa,Tatuapé,286,3,4,737,4,2100000
1033,Apartamento,Tatuapé,67,2,3,159,1,960000
1034,Apartamento,Tatuapé,87,1,2,0,0,344000
1035,Apartamento,Tatuapé,70,1,2,200,1,550000
1036,Apartamento,Tatuapé,106,4,3,278,2,1350000
1037,Apartamento,Tatuapé,51,1,1,215,1,650000
1038,Casa,Tatuapé,200,4,4,184,4,1400000
1039,Casa,Tatuapé,181,2,5,446,5,900000
1040,Apartamento,Tatuapé,61,1,2,7,1,395000
1041,Apartamento,Tatuapé,60,2,3,0,2,630000
1042,Apartamento,Tatuapé,124,2,2,472,2,1649000
1043,Casa,Tatuapé,225,2,4,784,2,950000
1044,Apartamento,Tatuapé,96,4,3,820,3,880000
1045,Apartamento,Tatuapé,102,1,3,84,1,650000
1046,Apartamento,Tatuapé,89,2,3,348,2,1270000
1047,Casa,Tatuapé,250,2,3,334,5,800000
1048,Casa,Tatuapé,150,2,3,208,0,750000
1049,Apartamento,Tatuapé,68,2,2,0,1,550000
1050,Casa,Tatuapé,100,3,2,519,1,1200000
1051,Casa,Tatuapé,80,2,2,50,1,490000
1052,Apartamento,Tatuapé,300,2,4,59,0,850000
1053,Apartamento,Tatuapé,82,2,2,0,1,550000
1054,Apartamento,Tatuapé,67,2,2,0,1,595000
1055,Apartamento,Tatuapé,69,2,2,50,1,650000
1056,Apartamento,Tatuapé,71,2,2,500,2,1050000
1057,Casa,Tatuapé,150,2,2,15,4,875000
1058,Apartamento,Tatuapé,42,1,2,100,1,325000
1059,Casa,Tatuapé,180,2,4,117,2,1380000
1060,Casa,Tatuapé,196,4,4,492,2,1000000
1061,Apartamento,Tatuapé,58,2,3,0,1,420000
1062,Apartamento,Tatuapé,80,1,2,80,0,350000
1063,Casa,Tatuapé,410,6,3,100,7,2960000
1064,Apartamento,Tatuapé,109,4,3,550,3,1590000
1065,Casa,Tatuapé,132,3,3,296,2,795000
1066,Casa,Tatuapé,168,3,3,711,2,2390000
1067,Apartamento,Tatuapé,38,1,2,5,0,440000
1068,Apartamento,Tatuapé,40,1,2,0,0,531000
1069,Apartamento,Tatuapé,165,5,3,1300,4,2890000
1070,Apartamento,Tatuapé,60,1,2,60,1,410000
1071,Apartamento,Tatuapé,68,1,2,167,1,630000
1072,Apartamento,Tatuapé,240,5,4,1500,4,4000000
1073,Apartamento,Tatuapé,90,2,3,292,2,1012000
1074,Apartamento,Tatuapé,109,4,3,117,2,1299000
1075,Apartamento,Tatuapé,37,1,2,60,0,365000
1076,Casa,Tatuapé,150,2,2,150,2,800000
1077,Apartamento,Tatuapé,85,2,2,209,2,1280000
1078,Apartamento,Tatuapé,122,5,3,200,2,1699000
1079,Apartamento,Tatuapé,89,2,3,359,2,1150000
1080,Casa,Tatuapé,250,4,3,600,2,1600000
1081,Casa,Tatuapé,270,3,5,35,2,970000
1082,Apartamento,Tatuapé,63,2,2,70,2,750000
1083,Apartamento,Tatuapé,122,4,3,334,2,1720000
1084,Apartamento,Tatuapé,33,1,2,1,0,340000
1085,Apartamento,Tatuapé,60,1,1,0,1,275000
1086,Apartamento,Tatuapé,67,2,2,64,1,825000
1087,Apartamento,Tatuapé,104,1,3,125,1,580000
1088,Casa,Tatuapé,90,1,2,215,2,1100000
1089,Apartamento,Tatuapé,58,1,3,10,1,420000
1090,Apartamento,Tatuapé,33,1,2,0,0,329000
1091,Casa,Tatuapé,80,2,4,4,1,860000
1092,Casa,Tatuapé,400,5,4,323,3,1800000
1093,Apartamento,Tatuapé,89,3,2,200,2,1959999
1094,Apartamento,Tatuapé,37,1,1,100,0,279000
1095,Apartamento,Tatuapé,49,1,1,136,1,559000
1096,Apartamento,Tatuapé,48,1,2,100,0,344900
1097,Casa,Tatuapé,208,2,3,0,5,1500000
1098,Apartamento,Tatuapé,135,4,3,599,2,2120000
1099,Apartamento,Tatuapé,61,1,3,29,1,405000
1100,Apartamento,Tatuapé,165,4,3,1416,4,3292000
1101,Apartamento,Tatuapé,95,4,3,367,2,924000
1102,Apartamento,Tatuapé,65,2,2,0,1,420000
1103,Apartamento,Tatuapé,44,1,2,0,0,420000
1104,Casa,Tatuapé,137,2,3,0,2,950000
1105,Casa,Tatuapé,320,3,3,370,4,1300000
1106,Apartamento,Tatuapé,50,1,2,170,1,447000
1107,Apartamento,Tatuapé,90,1,2,300,2,700000
1108,Apartamento,Tatuapé,93,2,3,221,2,1450000
1109,Apartamento,Tatuapé,38,1,1,0,0,225000
1110,Casa,Tatuapé,180,2,2,260,1,790000
1111,Apartamento,Tatuapé,72,1,3,0,0,427000
1112,Casa,Tatuapé,25,1,1,100,0,410000
1113,Apartamento,Tatuapé,127,4,3,521,2,2120000
1114,Apartamento,Tatuapé,49,1,2,0,1,690000
1115,Apartamento,Tatuapé,50,1,1,295,1,640000
1116,Apartamento,Tatuapé,40,1,1,0,1,440000
1117,Casa,Tatuapé,110,3,3,183,2,599000
1118,Apartamento,Vila Mariana,120,4,3,584,2,2275000
1119,Apartamento,Vila Mariana,56,2,2,234,1,799000
1120,Apartamento,Vila Mariana,120,4,3,1038,2,1166000
1121,Casa,Vila Mariana,363,2,2,373,2,2575000
1122,Apartamento,Vila Mariana,61,1,1,0,1,600000
1123,Apartamento,Vila Mariana,25,1,1,84,0,460000
1124,Casa,Vila Mariana,510,3,2,2084,10,1950000
1125,Apartamento,Vila Mariana,170,2,3,500,2,1380000
1126,Casa,Vila Mariana,110,2,2,125,2,1040000
1127,Apartamento,Vila Mariana,155,5,4,778,2,2650000
1128,Apartamento,Vila Mariana,120,2,3,809,3,1310000
1129,Apartamento,Vila Mariana,348,5,4,3825,4,4250000
1130,Casa,Vila Mariana,100,3,3,169,2,1090000
1131,Apartamento,Vila Mariana,92,2,3,117,0,854000
1132,Apartamento,Vila Mariana,41,2,1,0,1,400000
1133,Casa,Vila Mariana,200,5,4,888,2,2450000
1134,Apartamento,Vila Mariana,49,1,2,1,0,537000
1135,Apartamento,Vila Mariana,32,1,1,65,0,405000
1136,Apartamento,Vila Mariana,90,3,4,100,1,650000
1137,Apartamento,Vila Mariana,91,2,2,300,1,1475000
1138,Apartamento,Vila Mariana,60,1,1,0,0,500000
1139,Casa,Vila Mariana,160,1,2,0,4,954000
1140,Apartamento,Vila Mariana,85,1,3,167,1,650000
1141,Apartamento,Vila Mariana,65,2,2,92,1,1435000
1142,Apartamento,Vila Mariana,29,1,1,100,1,885000
1143,Apartamento,Vila Mariana,57,2,2,390,1,1280000
1144,Casa,Vila Mariana,180,3,2,0,2,1400000
1145,Casa,Vila Mariana,276,2,3,417,2,2575000
1146,Apartamento,Vila Mariana,40,1,1,67,1,613000
1147,Apartamento,Vila Mariana,117,3,3,1250,3,2699000
1148,Apartamento,Vila Mariana,432,5,3,2250,5,5750000
1149,Apartamento,Vila Mariana,96,2,3,203,1,900000
1150,Apartamento,Vila Mariana,132,3,3,200,1,1190000
1151,Apartamento,Vila Mariana,74,2,1,400,2,1250000
1152,Apartamento,Vila Mariana,74,2,2,4,1,780000
1153,Apartamento,Vila Mariana,35,1,1,0,0,450000
1154,Casa,Vila Mariana,380,6,4,1667,6,2850000
1155,Casa,Vila Mariana,122,1,2,0,1,1600000
1156,Apartamento,Vila Mariana,105,4,3,608,2,1190000
1157,Apartamento,Vila Mariana,38,1,1,15,0,800000
1158,Casa,Vila Mariana,285,3,3,0,4,3000000
1159,Apartamento,Vila Mariana,30,1,1,167,0,520000
1160,Casa,Vila Mariana,120,1,2,82,0,1200000
1161,Apartamento,Vila Mariana,58,1,2,158,1,850000
1162,Apartamento,Vila Mariana,67,1,2,474,2,1200000
1163,Apartamento,Vila Mariana,44,1,2,189,1,740000
1164,Apartamento,Vila Mariana,64,1,2,0,0,515000
1165,Casa,Vila Mariana,220,3,5,484,4,990000
1166,Casa,Vila Mariana,400,2,3,1127,4,2190000
1167,Apartamento,Vila Mariana,90,3,2,0,1,1531000
1168,Apartamento,Vila Mariana,170,3,2,121,2,2990000
1169,Apartamento,Vila Mariana,74,2,2,281,1,815000
1170,Apartamento,Vila Mariana,85,2,2,259,2,1815000
1171,Apartamento,Vila Mariana,62,1,2,360,1,700000
1172,Casa,Vila Mariana,300,3,3,671,2,2080000
1173,Apartamento,Vila Mariana,70,2,2,268,1,1150000
1174,Apartamento,Vila Mariana,69,2,2,169,1,1435000
1175,Casa,Vila Mariana,234,5,3,900,7,2160000
1176,Apartamento,Vila Mariana,148,2,1,667,2,1695000
1177,Casa,Vila Mariana,300,5,3,42,2,3125000
1178,Apartamento,Vila Mariana,31,1,1,1,0,595000
1179,Apartamento,Vila Mariana,247,4,4,1900,4,3150000
1180,Apartamento,Vila Mariana,38,1,1,28,1,900000
1181,Casa,Vila Mariana,200,3,3,59,2,2725000
1182,Apartamento,Vila Mariana,238,5,4,1438,3,1700000
1183,Apartamento,Vila Mariana,27,1,1,101,0,450000
1184,Apartamento,Vila Mariana,72,1,3,41,1,630000
1185,Casa,Vila Mariana,200,3,3,542,2,1790000
1186,Apartamento,Vila Mariana,40,1,1,177,1,935000
1187,Casa,Vila Mariana,200,3,3,434,3,1750000
1188,Apartamento,Vila Mariana,65,2,1,134,1,1125000
1189,Casa,Vila Mariana,300,5,4,1324,6,2500000
1190,Apartamento,Vila Mariana,97,2,2,3,1,790000
1191,Apartamento,Vila Mariana,468,7,4,4077,8,4900000
1192,Apartamento,Vila Mariana,99,4,3,435,2,890000
1193,Apartamento,Vila Mariana,23,1,1,65,0,320000
1194,Casa,Vila Mariana,120,2,2,21,0,586000
1195,Casa,Vila Mariana,240,4,3,584,2,1900000
1196,Apartamento,Vila Mariana,78,2,2,0,1,1600000
1197,Casa,Vila Mariana,530,5,4,1042,4,3800000
1198,Apartamento,Vila Mariana,77,2,3,479,2,954000
1199,Apartamento,Vila Mariana,89,2,2,650,2,980000
1200,Casa,Vila Mariana,161,4,4,554,3,2250000
1201,Casa,Vila Mariana,68,2,2,27,1,460900
1202,Casa,Vila Mariana,157,3,4,492,2,2125000
1203,Apartamento,Vila Mariana,81,2,3,450,1,1530000
1204,Apartamento,Vila Mariana,74,1,1,356,1,800000
1205,Apartamento,Vila Mariana,140,3,3,125,2,2030435
1206,Apartamento,Vila Mariana,59,1,2,0,0,650000
1207,Apartamento,Vila Mariana,118,2,3,155,1,925000
1208,Apartamento,Vila Mariana,180,4,4,1678,3,1950000
1209,Apartamento,Vila Mariana,208,6,4,1500,4,2790000
1210,Casa,Vila Mariana,210,3,3,516,0,465000
1211,Apartamento,Vila Mariana,373,4,3,1014,2,3950000
1212,Apartamento,Vila Mariana,110,2,3,100,1,850000
1213,Apartamento,Vila Mariana,90,1,3,0,1,750000
1214,Casa,Vila Mariana,120,2,3,189,1,1300000
1215,Apartamento,Vila Mariana,73,2,3,279,2,1200000
1216,Apartamento,Vila Mariana,28,1,1,85,0,477000
1217,Casa,Vila Mariana,240,4,5,700,4,2400000
1218,Casa,Vila Mariana,280,3,5,1324,5,2620000
1219,Apartamento,Vila Mariana,70,2,2,408,1,850000
1220,Apartamento,Vila Mariana,287,5,3,2531,3,3680000
1221,Casa,Vila Mariana,140,3,3,267,2,1050000
1222,Apartamento,Vila Mariana,73,2,2,300,2,1600000
1223,Apartamento,Vila Mariana,65,2,1,232,1,1400000
1224,Casa,Vila Mariana,150,2,4,679,2,1100000
1225,Apartamento,Vila Mariana,78,2,2,240,1,700000
1226,Apartamento,Vila Mariana,54,2,2,292,1,1370000
1227,Apartamento,Vila Mariana,124,3,3,172,1,1200000
1228,Apartamento,Vila Mariana,60,2,1,350,2,760000
1229,Apartamento,Vila Mariana,120,4,3,185,1,1100000
1230,Apartamento,Vila Mariana,63,2,2,297,2,750000
1231,Apartamento,Vila Mariana,114,4,3,328,2,1802000
1232,Apartamento,Vila Mariana,22,1,1,10,0,430000
1233,Casa,Vila Mariana,100,2,2,250,2,1937000
1234,Casa,Vila Mariana,120,2,3,181,2,1300000
1235,Casa,Vila Mariana,140,2,3,36,2,1490000
1236,Apartamento,Vila Mariana,25,1,1,142,0,525000
1237,Apartamento,Vila Mariana,100,2,3,213,1,1250000
1238,Apartamento,Vila Mariana,37,1,1,50,1,610000
1239,Apartamento,Vila Mariana,105,3,2,351,2,1100000
1240,Apartamento,Vila Mariana,116,2,3,960,3,2230000
1241,Apartamento,Vila Mariana,38,1,1,279,1,940000
1242,Apartamento,Vila Mariana,88,1,2,86,1,760000
1243,Apartamento,Vila Mariana,106,2,3,117,1,1150000
1244,Casa,Vila Mariana,240,4,5,667,2,1490000
1245,Apartamento,Vila Mariana,69,1,2,0,1,750000
1246,Apartamento,Vila Mariana,69,2,2,164,1,1300000
1247,Apartamento,Vila Mariana,109,3,2,528,3,1854468
1248,Apartamento,Vila Mariana,114,1,2,125,0,635000
1249,Apartamento,Vila Mariana,142,4,3,1059,3,2190000
1250,Apartamento,Vila Mariana,111,2,2,148,1,1200000
1251,Apartamento,Vila Mariana,100,3,3,167,2,850000
1252,Apartamento,Vila Mariana,196,3,4,1444,3,2200000
1253,Casa,Vila Mariana,130,2,4,192,0,1250000
1254,Apartamento,Vila Mariana,140,3,2,549,2,1950000
1255,Casa,Vila Mariana,139,2,2,500,1,1590000
1256,Casa,Vila Mariana,340,2,3,910,5,2550000
1257,Casa,Vila Mariana,164,2,3,0,1,1800000
1258,Casa,Vila Mariana,528,1,2,1231,3,3500000
1259,Apartamento,Vila Mariana,25,1,1,100,0,430000
1260,Apartamento,Vila Mariana,149,3,3,1115,3,1350000
1261,Apartamento,Vila Mariana,147,4,3,900,2,2500000
1262,Apartamento,Vila Mariana,175,4,4,105,3,2300000
1263,Apartamento,Vila Mariana,105,2,3,625,3,2000000
1264,Apartamento,Vila Mariana,100,3,3,500,2,1393000
1265,Apartamento,Vila Mariana,66,1,2,305,2,806000
1266,Apartamento,Vila Mariana,160,3,4,142,4,2690000
1267,Casa,Vila Mariana,615,3,4,1750,8,2600000
1268,Apartamento,Vila Mariana,38,1,1,63,1,370000
1269,Apartamento,Vila Mariana,78,3,2,0,1,1385000
1270,Apartamento,Vila Mariana,32,1,1,150,0,445000
1271,Apartamento,Vila Mariana,104,2,2,500,2,1990000
1272,Apartamento,Vila Mariana,122,2,3,347,1,1300000
1273,Apartamento,Vila Mariana,32,1,1,160,0,530000
1274,Apartamento,Vila Mariana,216,3,3,2453,4,3500000
1275,Casa,Vila Mariana,900,4,4,3000,3,5600000
1276,Apartamento,Vila Mariana,105,3,3,961,3,1915000
1277,Apartamento,Vila Mariana,54,1,2,360,2,799000
1278,Apartamento,Vila Mariana,42,1,1,51,1,449000
1279,Apartamento,Vila Mariana,92,1,2,0,1,580000
1280,Apartamento,Vila Mariana,66,2,2,263,1,1275000
1281,Apartamento,Vila Mariana,70,2,2,415,2,1199000
1282,Apartamento,Vila Mariana,109,2,3,25,1,850000
1283,Apartamento,Vila Mariana,43,1,1,39,1,564000
1284,Apartamento,Vila Mariana,60,2,2,325,1,1100000
1285,Apartamento,Vila Mariana,133,2,2,372,0,1500000
1286,Casa,Vila Mariana,325,5,4,917,6,1475000
1287,Apartamento,Vila Mariana,90,2,2,0,1,870000
1288,Apartamento,Vila Mariana,181,5,3,900,2,3580000
1289,Apartamento,Vila Mariana,140,3,3,584,3,1780000
1290,Apartamento,Vila Mariana,117,3,4,710,3,1730000
1291,Casa,Vila Mariana,150,1,2,670,4,1275000
1292,Apartamento,Vila Mariana,174,3,3,1370,3,1800000
1293,Casa,Vila Mariana,120,2,2,204,1,800000
1294,Apartamento,Vila Mariana,36,1,1,123,1,435000
1295,Apartamento,Vila Mariana,112,3,3,500,2,630000
1296,Apartamento,Vila Mariana,131,5,3,600,2,2000000
1297,Casa,Vila Mariana,268,6,3,1726,7,3600000
1298,Apartamento,Vila Mariana,55,2,2,75,1,698000
1299,Apartamento,Vila Mariana,36,1,1,192,1,660000
1300,Apartamento,Vila Mariana,89,2,3,0,0,780000
1301,Apartamento,Vila Mariana,53,2,2,292,1,790000
1302,Apartamento,Vila Mariana,82,2,3,317,2,860000
1303,Apartamento,Vila Mariana,119,2,3,55,0,750000
1304,Apartamento,Vila Mariana,37,1,1,0,1,700000
1305,Apartamento,Vila Mariana,25,1,1,62,0,395000
1306,Casa,Vila Mariana,350,4,4,292,2,1260000
1307,Apartamento,Vila Mariana,84,2,3,101,1,595000
1308,Apartamento,Vila Mariana,67,1,2,0,0,570000
1309,Casa,Vila Mariana,260,1,2,315,0,900000
1310,Apartamento,Vila Mariana,169,4,3,1350,3,2970000
1311,Casa,Vila Mariana,228,2,3,106,2,2450000
1312,Apartamento,Vila Mariana,24,1,1,0,0,460000
1313,Apartamento,Vila Mariana,75,3,2,308,1,1450000
1314,Casa,Vila Mariana,300,4,3,1100,4,2950000
1315,Apartamento,Vila Mariana,40,1,1,160,1,570000
1316,Apartamento,Vila Mariana,96,2,2,125,1,675000
1317,Apartamento,Vila Mariana,36,1,1,0,0,600000
1318,Casa,Vila Mariana,380,4,5,1000,8,2475000
1319,Casa,Vila Mariana,170,3,3,597,3,1200000
1320,Apartamento,Vila Mariana,34,1,1,0,0,475000
1321,Apartamento,Vila Mariana,86,3,2,300,2,1940000
1322,Apartamento,Vila Mariana,27,1,1,75,0,485000
1323,Casa,Vila Mariana,160,3,3,292,1,860000
1324,Apartamento,Vila Mariana,116,2,2,150,1,1290000
1325,Apartamento,Vila Mariana,44,1,1,120,0,650000
1326,Apartamento,Vila Mariana,103,2,2,197,1,795000
1327,Apartamento,Vila Mariana,89,2,2,355,2,890000
1328,Apartamento,Vila Mariana,78,2,3,176,1,805000
1329,Apartamento,Vila Mariana,140,4,3,1250,3,1430000
1330,Apartamento,Vila Mariana,37,1,1,59,1,459000
1331,Apartamento,Vila Mariana,161,4,3,920,3,4100000
1332,Casa,Vila Mariana,325,4,5,0,5,1557889
1333,Apartamento,Vila Mariana,37,1,1,0,1,640000
1334,Apartamento,Vila Mariana,112,3,3,290,1,950000
1335,Casa,Vila Mariana,200,3,6,276,2,1325000
1336,Apartamento,Vila Mariana,86,3,3,363,2,1000000
1337,Apartamento,Vila Mariana,40,1,1,253,0,583000
1338,Casa,Vila Mariana,180,5,4,501,10,2500000
1339,Apartamento,Vila Mariana,144,4,4,300,2,2180000
1340,Apartamento,Vila Mariana,98,2,3,626,2,1450000
1341,Apartamento,Vila Mariana,67,1,3,296,1,520000
1342,Apartamento,Vila Mariana,90,2,3,335,1,600000
1343,Apartamento,Vila Mariana,155,4,3,1000,2,3225000
1344,Casa,Vila Mariana,160,1,3,365,1,1200000
1345,Apartamento,Vila Mariana,59,2,2,84,1,930000
